,alpha,gamma,pathological_corr,healthy_corr,stutter_pref,expected_delay,expected_stutter
0,1.0,0.0,0.3333515736629482,0.33335157366294826,8.208036043355627e-05,0.33606971065921853,1.059820609956376
1,1.0,0.2631578947368421,0.33252506724354025,0.3325250672435403,-0.003639407626039981,0.20978119635738732,0.8726010072829236
2,1.0,0.5263157894736842,0.3305202493089386,0.33052024930893864,-0.012685812567760246,0.21121568323354875,0.8760792837705831
3,1.0,0.7894736842105263,0.25903044681551934,0.44490946899594974,-0.6779682174078899,1.5110264460692977,1.3703583239766801
4,1.0,1.0526315789473684,0.24486392105011182,0.4699069473572728,-0.8255443034674762,1.6580605516140554,1.316342065458072
5,1.0,1.3157894736842104,0.23179212648216643,0.4899224888646524,-0.9544403153170928,1.7072300432331993,1.2503750449724647
6,1.0,1.5789473684210527,0.21874877628866723,0.506067475356554,-1.0760425557978996,1.6923012291104027,1.1784205206009224
7,1.0,1.8421052631578947,0.20614989158440705,0.5199543667258002,-1.1919307689891014,1.6425563981999374,1.1066466650063311
8,1.0,2.1052631578947367,0.1941288431072258,0.5317999714110676,-1.3024774877358194,1.5759930481642592,1.037069167194014
9,1.0,2.3684210526315788,0.18282265632133568,0.5430281537199584,-1.4063305285918506,1.5042908992833555,0.9735861553175491
10,1.0,2.631578947368421,0.17167145059885042,0.553908823622968,-1.5071519118344419,1.4322430934915773,0.9156864834190421
11,1.0,2.894736842105263,0.1612657201300419,0.5646049178137252,-1.6010313010549617,1.3628230231104088,0.8637431447328111
12,1.0,3.1578947368421053,0.15096162707164487,0.575849298447215,-1.693345892958117,1.2980103060273187,0.8179370336078581
13,1.0,3.4210526315789473,0.14093984061103676,0.5872748647122753,-1.7839202085092731,1.2359355916549748,0.7754581152889054
14,1.0,3.6842105263157894,0.13134738656391823,0.5991185013938244,-1.8727336896174918,1.1779112793108197,0.7378698321166163
15,1.0,3.9473684210526314,0.12188178819174868,0.6111474596556518,-1.9634880411251343,1.121775196239147,0.7024787385334016
16,1.0,4.2105263157894735,0.11257174592389342,0.6237800237160424,-2.057032899682335,1.067148072895382,0.6690219891485816
17,1.0,4.473684210526316,0.10397917780856916,0.6364816968534391,-2.148548346695681,1.0150772083031818,0.6381100800249101
18,1.0,4.7368421052631575,0.09554575916122447,0.6491583811624032,-2.2442085855024474,0.9631852280813135,0.6082197484463018
19,1.0,5.0,0.08761320813760456,0.6625012970059023,-2.3407867708388723,0.9135310822836571,0.5801572425147814
20,0.9921052631578947,0.0,0.3333191877490689,0.3333191877490688,-6.365580454814612e-05,0.33610873085701704,1.0600313035770936
21,0.9921052631578947,0.2631578947368421,0.73783618277568,0.739297504106149,1.7253814911496905,0.11137553501510156,1.1878066770205504
22,0.9921052631578947,0.5263157894736842,0.9219226310755984,0.9227986148450069,3.157860505045014,0.027091203829509424,1.3611469180434654
23,0.9921052631578947,0.7894736842105263,0.03165453494213341,0.30181264906511596,-3.1987792432752027,0.2949415405606854,0.4253177248973055
24,0.9921052631578947,1.0526315789473684,0.0030798389330476124,0.16670111771461407,-5.63814237359319,0.04452670861410753,0.141114198429595
25,0.9921052631578947,1.3157894736842104,0.00032573669462020627,0.0852970017777308,-7.938617228432481,0.006297066649143888,0.07584597607886354
26,0.9921052631578947,1.5789473684210527,3.254708799951891e-05,0.03784897992821761,-10.27539835497262,0.0008722628592743207,0.04686110030019244
27,0.9921052631578947,1.8421052631578947,3.0496433994933793e-06,0.014978865625962077,-12.66428492757029,0.00011894961440917461,0.029444778800780096
28,0.9921052631578947,2.1052631578947367,2.727585046156419e-07,0.005523658426948502,-15.091936191852865,1.589093593597828e-05,0.01849523587947472
29,0.9921052631578947,2.3684210526315788,2.367219724488839e-08,0.001959785041552678,-17.544711393363453,2.0879123286092918e-06,0.01159077118768041
30,0.9921052631578947,2.631578947368421,2.016041465572907e-09,0.0006811504646590518,-20.013211341575644,2.7173000567608876e-07,0.007247530076754899
31,0.9921052631578947,2.894736842105263,1.6955030120260294e-10,0.00023390505918590267,-22.492296459474108,3.519782749377491e-08,0.004530817587641999
32,0.9921052631578947,3.1578947368421053,1.4120831392158761e-11,7.961897947541005e-05,-24.97988724333366,4.547855823539648e-09,0.0028300301908326096
33,0.9921052631578947,3.4210526315789473,1.1677730907992155e-12,2.693354232518418e-05,-27.47374766216626,5.870428399652728e-10,0.0017670121792547424
34,0.9921052631578947,3.6842105263157894,9.596811905620606e-14,9.059552964515503e-06,-29.97340256334723,7.569513402995397e-11,0.0011033186239207007
35,0.9921052631578947,3.9473684210526314,7.842086985650918e-15,3.0313487305040554e-06,-32.47842384698349,9.747360519967297e-12,0.0006888932280862874
36,0.9921052631578947,4.2105263157894735,6.380890767250481e-16,1.010238603329449e-06,-34.987524777785346,1.2540680358474472e-12,0.00042955348773620586
37,0.9921052631578947,4.473684210526316,5.1730955217874254e-17,3.3550773526675546e-07,-37.500145163921175,1.611968071881338e-13,0.0002682255370535303
38,0.9921052631578947,4.7368421052631575,4.17612265601559e-18,1.1096352451315202e-07,-40.0169424006551,2.0676283947896592e-14,0.00016740056410341315
39,0.9921052631578947,5.0,3.361958347384306e-19,3.6599846323344896e-08,-42.53646452865979,2.649282900496418e-15,0.00010446734962758547
40,0.9842105263157894,0.0,0.33321672800132096,0.333216728001321,-0.000524769899323374,0.33601177962501255,1.059364182536993
41,0.9842105263157894,0.2631578947368421,0.9223291624188933,0.9231987792456039,3.1635302393772786,0.026164211594056727,1.344521428967801
42,0.9842105263157894,0.5263157894736842,0.9944373714497801,0.9945613020813814,5.871787917659246,0.0007500828042874388,1.4850931529721125
43,0.9842105263157894,0.7894736842105263,0.016456997755096042,0.2321705259536281,-3.8714440678680173,0.13467169706834947,0.27240611610959276
44,0.9842105263157894,1.0526315789473684,0.001125095445313128,0.08353852131092328,-6.64743028837816,0.011637187666012168,0.11800763996826197
45,0.9842105263157894,1.3157894736842104,5.188907544910652e-05,0.01698246861856549,-9.775910324450741,0.0008611994323426724,0.07373195500373492
46,0.9842105263157894,1.5789473684210527,1.5242267964860071e-06,0.0019903276847348093,-13.336633875028607,3.938759951095275e-05,0.04669037649266402
47,0.9842105263157894,1.8421052631578947,3.489541766847302e-08,0.00017947642680306042,-17.134712693794405,1.3641112691114641e-06,0.02943945581979117
48,0.9842105263157894,2.1052631578947367,7.238747676462299e-10,1.4814496925939178e-05,-21.02366016877542,4.2674786783638296e-08,0.018486780915154065
49,0.9842105263157894,2.3684210526315788,1.4531160449956731e-11,1.1943664772787916e-06,-24.940472605119254,1.2980552599493668e-09,0.011581946731133677
50,0.9842105263157894,2.631578947368421,2.8867436979519583e-13,9.588483589553164e-08,-28.864558515179628,3.9376069167072366e-11,0.007248753564807732
51,0.9842105263157894,2.894736842105263,5.711052659146542e-15,7.696162711089467e-09,-32.79079802339419,1.19926755768814e-12,0.004530553060685023
52,0.9842105263157894,3.1578947368421053,1.1278978705450512e-16,6.18189779219128e-10,-36.71752311744084,3.6727376550683304e-14,0.0028296425463926423
53,0.9842105263157894,3.4210526315789473,2.222750064344401e-18,4.96263509901397e-11,-40.645611617121375,1.1294353322975242e-15,0.0017673061527006455
54,0.9842105263157894,3.6842105263157894,4.3670979098594765e-20,3.975641310398579e-12,-44.57624537681989,3.4818733345521806e-17,0.0011036782843427267
55,0.9842105263157894,3.9473684210526314,8.552739577359198e-22,3.176701734000878e-13,-48.50977284399908,1.0746250706832739e-18,0.0006886040236541576
56,0.9842105263157894,4.2105263157894735,1.669428802196929e-23,2.5308195604494442e-14,-52.446446601737016,3.317491764406543e-20,0.0004295428634293187
57,0.9842105263157894,4.473684210526316,3.2492010713805665e-25,2.01092140658788e-15,-56.38588802224592,1.0240031510080928e-21,0.00026844594849147576
58,0.9842105263157894,4.7368421052631575,6.30328064991322e-27,1.5928496158056385e-16,-60.32852122345982,3.1574854184958095e-23,0.0001674400292483285
59,0.9842105263157894,5.0,1.2191740217049445e-28,1.258066640859867e-17,-64.27408041321208,9.72383223235779e-25,0.00010451247065520688
60,0.9763157894736842,0.0,0.33340600021006955,0.3334060002100695,0.00032698312759460446,0.33604927423896025,1.0597192103749344
61,0.9763157894736842,0.2631578947368421,0.9789923558485089,0.97934437023684,4.529088269018956,0.004649203908254583,1.4235821057061957
62,0.9763157894736842,0.5263157894736842,0.9996274142613414,0.9996397621274647,8.576706931840903,1.427131187369094e-05,1.5184090100584353
63,0.9763157894736842,0.7894736842105263,0.014469438276419928,0.2198915517934492,-4.0026709774310865,0.09093932126536734,0.22663770220847457
64,0.9763157894736842,1.0526315789473684,0.0007286609734502496,0.057940593063187565,-7.082294080678814,0.007067979021285637,0.1163968131221957
65,0.9763157894736842,1.3157894736842104,1.3035637827430224e-05,0.0043648698810299395,-11.157375145272221,0.00021730319805036657,0.07364922845107452
66,0.9763157894736842,1.5789473684210527,9.498590393922434e-08,0.00012265711484323437,-16.112149512386928,2.457074414897811e-06,0.04670417494212773
67,0.9763157894736842,1.8421052631578947,4.955241742356615e-10,2.497804055588049e-06,-21.389207392367148,1.936670328264133e-08,0.029436900903949438
68,0.9763157894736842,2.1052631578947367,2.3666845734045346e-12,4.726825899174627e-08,-26.74678851254474,1.3949127872655797e-10,0.01848521254192044
69,0.9763157894736842,2.3684210526315788,1.1167340842814194e-14,8.92426840790065e-10,-32.11152970197819,9.976246295489808e-13,0.011583952901335695
70,0.9763157894736842,2.631578947368421,5.308333950740058e-17,1.7079783271627703e-11,-37.46574997680999,7.242453428726293e-15,0.007247721843875162
71,0.9763157894736842,2.894736842105263,2.5467020549827456e-19,3.3121685446651613e-13,-42.808742545313706,5.348888475247184e-17,0.004528247001775923
72,0.9763157894736842,3.1578947368421053,1.2298726138154997e-21,6.481545857416314e-15,-48.143893593073635,4.0058897417865764e-19,0.0028311827268759113
73,0.9763157894736842,3.4210526315789473,5.957854714062515e-24,1.2742826226682807e-16,-53.47515690307714,3.0289088670785296e-21,0.0017660351862666076
74,0.9763157894736842,3.6842105263157894,2.8908010960192275e-26,2.511728708065548e-18,-58.804320969862935,2.3057636569398247e-23,0.0011037176255399247
75,0.9763157894736842,3.9473684210526314,1.400820337343248e-28,4.947422282659111e-20,-64.13447703173195,1.760904987133644e-25,0.0006883445893230948
76,0.9763157894736842,4.2105263157894735,6.776311315039296e-31,9.731873230169758e-22,-69.46617597892595,1.3471452313540789e-27,0.00042967820158269147
77,0.9763157894736842,4.473684210526316,3.271748579773678e-33,1.9111391505155117e-23,-74.79965333226392,1.0314731926665817e-29,0.00026829619496644794
78,0.9763157894736842,4.7368421052631575,1.5752815060433793e-35,3.743208333951746e-25,-80.13583821305174,7.893494225401546e-32,0.00016741093515069104
79,0.9763157894736842,5.0,7.566697529361645e-38,7.314854242955533e-27,-85.47434822663789,6.0366809878938915e-34,0.00010442648724545773
80,0.968421052631579,0.0,0.3332337348872881,0.3332337348872881,-0.0004482264967046179,0.3360301227702566,1.0596906933874914
81,0.968421052631579,0.2631578947368421,0.9945126417187964,0.9946348015098696,5.885489502218171,0.0007106015872514052,1.4640433018247139
82,0.968421052631579,0.5263157894736842,0.9999739147662969,0.999975059172654,11.232482386717967,2.513614141146811e-07,1.5220164211655214
83,0.968421052631579,0.7894736842105263,0.014521983629440108,0.22239996147826488,-3.9991864465027542,0.07677528283105756,0.21055666313271593
84,0.968421052631579,1.0526315789473684,0.0005755409945360294,0.046787653465131224,-7.318364726087499,0.005510028088503526,0.11606423039406329
85,0.968421052631579,1.3157894736842104,3.795056086654289e-06,0.0012641446996888455,-12.391373238136964,6.326984965558984e-05,0.07364809719276769
86,0.968421052631579,1.5789473684210527,6.6746049379885e-09,8.474209692742144e-06,-18.767568094651025,1.7240046764352246e-07,0.046697023777399926
87,0.968421052631579,1.8421052631578947,8.123349327917992e-12,4.010225483727678e-08,-25.50008098510958,3.171681738439054e-10,0.029447300355681966
88,0.968421052631579,2.1052631578947367,9.205149275786547e-15,1.79401264602371e-10,-32.29627082173822,5.423295607371698e-13,0.01849100184806876
89,0.968421052631579,2.3684210526315788,1.053358314548014e-17,8.184209727356413e-13,-39.0777099552976,9.409253018744329e-16,0.011587855623943499
90,0.968421052631579,2.631578947368421,1.236283136434161e-20,3.853199205160565e-15,-45.830673877304406,1.6871672813139519e-18,0.007248591004895753
91,0.968421052631579,2.894736842105263,1.4843797661913764e-23,1.863174445996376e-17,-52.55888510849571,3.1187783880177985e-21,0.004529302106924479
92,0.968421052631579,3.1578947368421053,1.809949812818101e-26,9.171697430486098e-20,-59.2704305388927,5.89785862908484e-24,0.0028293768106695868
93,0.968421052631579,3.4210526315789473,2.2273043491086953e-29,4.563604116733023e-22,-65.97200079481257,1.1327552256113753e-26,0.001767930037453962
94,0.968421052631579,3.6842105263157894,2.754266719535964e-32,2.284016320311154e-24,-72.66821394372501,2.197876579410729e-29,0.0011032762430349412
95,0.968421052631579,3.9473684210526314,3.411818839208426e-35,1.1457933219776155e-26,-79.36238516992304,4.290303757242475e-32,0.0006885807131963506
96,0.968421052631579,4.2105263157894735,4.22334274024858e-38,5.746026655907611e-29,-86.05707759692665,8.399258915330185e-35,0.00042975200228659137
97,0.968421052631579,4.473684210526316,5.222866241114977e-41,2.8794764446476187e-31,-92.75261231254508,1.6472373783141463e-37,0.0002681510707154204
98,0.968421052631579,4.7368421052631575,6.444928419048662e-44,1.440057822369616e-33,-99.4502445104026,3.2306584766304687e-40,0.0001673960587735541
99,0.968421052631579,5.0,7.942015288139187e-47,7.192661749277895e-36,-106.14920372048482,6.337908191276224e-43,0.00010452982923198172
100,0.9605263157894737,0.0,0.33313545963918534,0.3331354596391852,-0.0008905638468853505,0.3360440412480223,1.0594648576026668
101,0.9605263157894737,0.2631578947368421,0.9985893036905322,0.9986283994470329,7.246128499816497,9.894493625642622e-05,1.4845763746736662
102,0.9605263157894737,0.5263157894736842,0.9999980025341326,0.9999981114230877,13.798336590495047,4.680888573606354e-09,1.5118005022095333
103,0.9605263157894737,0.7894736842105263,0.01505503841268644,0.228543071343791,-3.9627100736913485,0.07239577216756855,0.20479905364137047
104,0.9605263157894737,1.0526315789473684,0.0005063978471528035,0.04138458701193231,-7.446430968466718,0.004795760288174531,0.11593516282279584
105,0.9605263157894737,1.3157894736842104,1.2179433753874076e-06,0.00040106535380267464,-13.527911616438995,2.025957923979355e-05,0.07364617265978761
106,0.9605263157894737,1.5789473684210527,5.246510021740763e-10,6.546886219788401e-07,-21.310900113916155,1.352825926578272e-08,0.04671700146864306
107,0.9605263157894737,1.8421052631578947,1.5341487698616096e-13,7.41714973303646e-10,-29.469432946148142,5.986057884361196e-12,0.02944299935550754
108,0.9605263157894737,2.1052631578947367,4.2566313097983775e-17,8.095170771732938e-13,-37.67272596398725,2.506991418560942e-15,0.018495365707375377
109,0.9605263157894737,2.3684210526315788,1.2196282247213823e-20,9.213101435657207e-16,-45.838902610802826,1.0893414987615238e-18,0.011586178100076814
110,0.9605263157894737,2.631578947368421,3.6475761802546625e-24,1.101253456429713e-18,-53.95906077006282,4.97881922695017e-22,0.007249603942726211
111,0.9605263157894737,2.894736842105263,1.1312361563541021e-27,1.370364103296599e-21,-62.04091152113539,2.377705842973722e-25,0.0045310428583372215
112,0.9605263157894737,3.1578947368421053,3.595799725297787e-31,1.7520375109498335e-24,-70.09688869971669,1.172167634730413e-28,0.0028298223570206275
113,0.9605263157894737,3.4210526315789473,1.1605613654492202e-34,2.277975519322797e-27,-78.1368144782021,5.905136018668354e-32,0.001766600838427648
114,0.9605263157894737,3.6842105263157894,3.7778873220505794e-38,2.9900668501403352e-30,-86.16771080148563,3.015901711070579e-35,0.0011031805189947673
115,0.9605263157894737,3.9473684210526314,1.2347516518698768e-41,3.942972248642229e-33,-94.19427140266122,1.5534204812024495e-38,0.0006884669705587909
116,0.9605263157894737,4.2105263157894735,4.041178453323218e-45,5.2086785118974814e-36,-102.21926383510981,8.040053400887203e-42,0.000429957388817827
117,0.9605263157894737,4.473684210526316,1.3220700577065144e-48,6.879412248540728e-39,-110.24455556928837,4.171120115462924e-45,0.0002681994956114771
118,0.9605263157894737,4.7368421052631575,4.319218302626916e-52,9.074923951192011e-42,-118.27114434683601,2.165735013048211e-48,0.0001673189716644027
119,0.9605263157894737,5.0,1.4093668397240362e-55,1.1957560375247316e-44,-126.29891096842195,1.125014344493389e-51,0.00010452771513873238
120,0.9526315789473684,0.0,0.3333402380296653,0.3333402380296653,3.107097259436031e-05,0.3361015810802496,1.0600623915235448
121,0.9526315789473684,0.2631578947368421,0.9996382407365432,0.999650223775726,8.606206433935382,1.3163342682912304e-05,1.4955642537220035
122,0.9526315789473684,0.5263157894736842,0.9999998285828083,0.9999998397381745,16.250219506788234,9.654274415231534e-11,1.4852946930549829
123,0.9526315789473684,0.7894736842105263,0.015681818657394955,0.23503025049507853,-3.9213653872945473,0.07154379650491896,0.20293784903729045
124,0.9526315789473684,1.0526315789473684,0.0004779973506547668,0.03895224104806929,-7.504181714806975,0.004473939503341802,0.11584447057732698
125,0.9526315789473684,1.3157894736842104,4.255327986997509e-07,0.00013829693803794207,-14.579489425709959,7.059597259475476e-06,0.07361980634648539
126,0.9526315789473684,1.5789473684210527,4.609415431233743e-11,5.6531537356362286e-08,-23.742947260769025,1.1865216769655115e-09,0.04668480328957213
127,0.9526315789473684,1.8421052631578947,3.341500578045225e-15,1.5821474370367833e-11,-33.296158831077186,1.3026010366614371e-13,0.029444481468319537
128,0.9526315789473684,2.1052631578947367,2.341346329967353e-19,4.3450117318019055e-15,-42.875648106479986,1.3783180528291224e-17,0.018489362815675186
129,0.9526315789473684,2.3684210526315788,1.7314050884368156e-23,1.2716126513622008e-18,-52.39627069954455,1.5465944451467186e-21,0.01158434624061019
130,0.9526315789473684,2.631578947368421,1.3630899406963838e-27,3.986454606128888e-22,-61.85112479800743,1.8608447089830041e-25,0.007250520004016104
131,0.9526315789473684,2.894736842105263,1.1272898593505053e-31,1.3179304719979054e-25,-71.25474647408359,2.3700638642086904e-29,0.0045301090645504605
132,0.9526315789473684,3.1578947368421053,9.641768722829058e-36,4.5172001497786134e-29,-80.62347601673724,3.14466527020153e-33,0.0028298402226077826
133,0.9526315789473684,3.4210526315789473,8.428208540436758e-40,1.5847791974394144e-32,-89.96964462055851,4.290024874755596e-37,0.0017661805974279498
134,0.9526315789473684,3.6842105263157894,7.458632588718808e-44,5.634168107765253e-36,-99.30301420500784,5.95726673621849e-41,0.0011026090838182274
135,0.9526315789473684,3.9473684210526314,6.645406378390497e-48,2.0178525565238705e-39,-108.62931106606523,8.363851667545603e-45,0.00068854104143769
136,0.9526315789473684,4.2105263157894735,5.93482690061119e-52,7.246625133760837e-43,-117.95305797009856,1.1812182621442566e-48,0.0004294593900970529
137,0.9526315789473684,4.473684210526316,5.305438899861845e-56,2.605616060950113e-46,-127.27570254510447,1.674467095657961e-52,0.0002683122051208424
138,0.9526315789473684,4.7368421052631575,4.740084112212683e-60,9.36482993197411e-50,-136.59884464746318,2.377439732398676e-56,0.00016747158656962212
139,0.9526315789473684,5.0,4.229004071160564e-64,3.3613694727065827e-53,-145.9233508378975,3.3766601572121905e-60,0.00010444822781691702
140,0.9447368421052631,0.0,0.3332841488335541,0.3332841488335542,-0.0002213384147242703,0.3360438694851762,1.0596877589959457
141,0.9447368421052631,0.2631578947368421,0.9999062403768838,0.999909850544571,9.95488399703657,1.717565916972755e-06,1.5011366076562598
142,0.9447368421052631,0.5263157894736842,0.9999999832215419,0.9999999844954265,18.570368066148188,2.2351288501968748e-12,1.4414378696292989
143,0.9447368421052631,0.7894736842105263,0.016296043157214127,0.2410054257812984,-3.8823839067032173,0.07201216463898807,0.20262944052140408
144,0.9447368421052631,1.0526315789473684,0.00047414926766665424,0.03834700053499506,-7.51227124456959,0.004382548480548651,0.11586825477487349
145,0.9447368421052631,1.3157894736842104,1.614028261850079e-07,5.174569570182329e-05,-15.548928480057645,2.669681213999076e-06,0.0736383007335051
146,0.9447368421052631,1.5789473684210527,4.525491527010567e-12,5.454947983852491e-09,-26.063907202266414,1.1630936419433398e-10,0.04669651271380267
147,0.9447368421052631,1.8421052631578947,8.388718438898938e-17,3.8898859610311926e-13,-36.98086123785351,3.266990841715128e-15,0.02944330661655428
148,0.9447368421052631,2.1052631578947367,1.5304435217248559e-21,2.7714555443952756e-17,-47.90598683419499,9.007585200580237e-20,0.01849544245922816
149,0.9447368421052631,2.3684210526315788,3.0165111665742066e-26,2.153966040854672e-21,-58.748858326513385,2.6946808806190918e-24,0.01158187058300791
150,0.9447368421052631,2.631578947368421,6.448492560111493e-31,1.8268374676401997e-25,-69.50737291594346,8.806238825566559e-29,0.007247939434490944
151,0.9447368421052631,2.894736842105263,1.4680957579098544e-35,1.6564772889744634e-29,-80.20093708531908,3.088291626896961e-33,0.004531155357263433
152,0.9447368421052631,3.1578947368421053,3.4921428796065602e-40,1.573147147697633e-33,-90.84940540456991,1.1393907821895885e-37,0.0028296511916826458
153,0.9447368421052631,3.4210526315789473,8.535206439868965e-45,1.5374466839919884e-37,-101.46995478152591,4.3464390722227585e-42,0.0017676046452279178
154,0.9447368421052631,3.6842105263157894,2.119555313986443e-49,1.528107933716222e-41,-112.07410545916488,1.6936927128243255e-46,0.0011037461654601545
155,0.9447368421052631,3.9473684210526314,5.314855308886038e-54,1.5345573089335948e-45,-122.66824168157892,6.692009712469209e-51,0.0006886611326852902
156,0.9447368421052631,4.2105263157894735,1.3379752812989577e-58,1.5476902430826535e-49,-133.25824890266762,2.663939253155485e-55,0.000429621363147842
157,0.9447368421052631,4.473684210526316,3.376467934825093e-63,1.5651067852129524e-53,-143.84570052453518,1.0659541631199693e-59,0.00026817384878408254
158,0.9447368421052631,4.7368421052631575,8.513643143718728e-68,1.5816314646560158e-57,-154.43391031968707,4.271357274592199e-64,0.00016737827241945465
159,0.9447368421052631,5.0,2.1466554477351748e-72,1.5984538656357134e-61,-165.02208707779243,1.7143723190244318e-68,0.00010448082938926003
160,0.9368421052631579,0.0,0.33330699576222006,0.33330699576222006,-0.00011852141132318028,0.33607325038224445,1.0597337816084278
161,0.9368421052631579,0.2631578947368421,0.9999754091661334,0.9999764877227187,11.291479640072518,2.2486574283852465e-07,1.503727671922907
162,0.9368421052631579,0.5263157894736842,0.9999999979823915,0.9999999981830868,20.677241196743502,6.183300871575696e-14,1.3721370615614714
163,0.9368421052631579,0.7894736842105263,0.01687822079637703,0.2463912690843098,-3.8467415849826994,0.07299654745492101,0.20290885559623095
164,0.9368421052631579,1.0526315789473684,0.00048753575504301383,0.03901030934236691,-7.48441777462005,0.004447399413999627,0.11587297760991688
165,0.9368421052631579,1.3157894736842104,6.638868900052742e-08,2.0993055727273935e-05,-16.437305155696674,1.0945795548684102e-06,0.07365083290989767
166,0.9368421052631579,1.5789473684210527,4.9679848801054e-13,5.885521815574482e-10,-28.273204190101787,1.2744820046410159e-11,0.0466873096922123
167,0.9368421052631579,1.8421052631578947,2.4265127775337814e-18,1.1019443795364858e-14,-40.52387893533989,9.442155496803192e-17,0.029439128584790412
168,0.9368421052631579,2.1052631578947367,1.1901248499249942e-23,2.1030444280915236e-19,-52.762656379536125,7.001420411473606e-22,0.018486693897849092
169,0.9368421052631579,2.3684210526315788,6.451596945060737e-29,4.478977763565368e-24,-64.89638683767444,5.762249543532474e-27,0.01158720205045422
170,0.9368421052631579,2.631578947368421,3.865888540152569e-34,1.0608901871180292e-28,-76.92678303723075,5.2798576063873e-32,0.007247763938649799
171,0.9368421052631579,2.894736842105263,2.5011251458897715e-39,2.7235837079332284e-33,-88.87850292655985,5.263130019788402e-37,0.004530154695989234
172,0.9368421052631579,3.1578947368421053,1.7064184063295848e-44,7.391415027935107e-38,-100.77586465519305,5.5699380816229e-42,0.0028296209070280388
173,0.9368421052631579,3.4210526315789473,1.2041858712817138e-49,2.0779357119285622e-42,-112.6386909837915,6.13549647247884e-47,0.0017669693795097348
174,0.9368421052631579,3.6842105263157894,8.6742585650007e-55,5.968707937676608e-47,-124.48046247208846,6.933714507286871e-52,0.001103320419640436
175,0.9368421052631579,3.9473684210526314,6.317723270760593e-60,1.7345069566757565e-51,-136.31089912651527,7.958286788010476e-57,0.0006889308105763421
176,0.9368421052631579,4.2105263157894735,4.631308493485601e-65,5.0751382881116225e-56,-148.13466260064098,9.224574666183102e-62,0.00042970417434662583
177,0.9368421052631579,4.473684210526316,3.4053964016465295e-70,1.4898455792223907e-60,-159.9552649985665,1.0754169948128422e-66,0.0002683563921727831
178,0.9368421052631579,4.7368421052631575,2.503983403532613e-75,4.37418661078987e-65,-171.77579309788223,1.2565700956170877e-71,0.00016731418497433194
179,0.9368421052631579,5.0,1.8415376775090737e-80,1.2846297848640435e-69,-183.59607793004776,1.4710121879703863e-76,0.00010444158743851733
180,0.9289473684210526,0.0,0.3334527505979961,0.3334527505979961,0.0005373295790905841,0.3361190803949629,1.060145268993967
181,0.9289473684210526,0.2631578947368421,0.999993427317147,0.9999937506518419,12.60911793056668,2.990581611952375e-08,1.5050727493066034
182,0.9289473684210526,0.5263157894736842,0.9999999995949643,0.9999999996793897,22.22332593503615,3.4398628219118333e-15,1.4362940805786615
183,0.9289473684210526,0.7894736842105263,0.017428546501176166,0.25124821377961715,-3.814138651821694,0.07418791188800207,0.2033685164759525
184,0.9289473684210526,1.0526315789473684,0.000514433137536298,0.040633653860256004,-7.430689483014726,0.004628907075252423,0.11591043078041395
185,0.9289473684210526,1.3157894736842104,2.9592553371397182e-08,9.229125496905732e-06,-17.245309137536086,4.863607467134518e-07,0.07363837449949745
186,0.9289473684210526,1.5789473684210527,6.091832056365085e-14,7.093041084670528e-11,-30.371854717510953,1.5603266429039723e-12,0.04670805212325975
187,0.9289473684210526,1.8421052631578947,8.09298790808589e-20,3.59933130021806e-16,-43.9245062806138,3.146027358944318e-18,0.029425956801520155
188,0.9289473684210526,2.1052631578947367,1.0999990799192852e-25,1.8967651467146563e-21,-57.44657543968076,6.469021020972679e-24,0.018488070522083053
189,0.9289473684210526,2.3684210526315788,1.6918381237110505e-31,1.1419530529814864e-26,-70.84006912716514,1.5113094528701563e-29,0.011588406135161404
190,0.9289473684210526,2.631578947368421,2.932920643499239e-37,7.796520282577354e-32,-84.11073113258782,4.0072272788921564e-35,0.007249372247208858
191,0.9289473684210526,2.894736842105263,5.570819088292447e-43,5.854617991785892e-37,-97.28804189083893,1.1726145383281616e-40,0.004529176623198915
192,0.9289473684210526,3.1578947368421053,1.1260471511458973e-48,4.689897559026752e-42,-110.4018882981819,3.6772592482886886e-46,0.0028298081458561744
193,0.9289473684210526,3.4210526315789473,2.368670598721091e-54,3.9155772314980367e-47,-123.47509129291628,1.2074824373237231e-51,0.0017674759529199627
194,0.9289473684210526,3.6842105263157894,5.106173791789131e-60,3.3533759563795375e-52,-136.52329743620936,4.0838491123162485e-57,0.0011027446578119244
195,0.9289473684210526,3.9473684210526314,1.1164796475918032e-65,2.9146743464274094e-57,-149.55700292939926,1.4069986515022661e-62,0.0006884353655613925
196,0.9289473684210526,4.2105263157894735,2.4611413970573495e-71,2.5549885055931636e-62,-162.58238737387876,4.903665519474964e-68,0.00042999638419495106
197,0.9289473684210526,4.473684210526316,5.443296019517799e-77,2.2476452980074198e-67,-175.60433723653378,1.719510205124522e-73,0.0002682409796154375
198,0.9289473684210526,4.7368421052631575,1.205798683049507e-82,1.9806907490293298e-72,-188.6246294191816,6.052369919163087e-79,0.00016744521553051217
199,0.9289473684210526,5.0,2.6719213899053094e-88,1.746146468549291e-77,-201.64456175562535,2.134738975676758e-84,0.00010438679175520419
200,0.9210526315789473,0.0,0.3334218628252435,0.33342186282524355,0.0003983562691556308,0.3361261896921411,1.060209308304152
201,0.9210526315789473,0.2631578947368421,0.9999982132786082,0.9999983106645056,13.909834299791214,4.035234142226835e-09,1.5053767739132515
202,0.9210526315789473,0.5263157894736842,0.999999999830764,0.9999999998873554,23.030404211285514,5.847043918833027e-16,1.748540699561563
203,0.9210526315789473,0.7894736842105263,0.017955780429315234,0.25570686803919324,-3.7838350329016746,0.07547040075425931,0.20396164425881277
204,0.9210526315789473,1.0526315789473684,0.0005525263117132951,0.04300943767878972,-7.3592159802295205,0.004902455027853366,0.11598300748022784
205,0.9210526315789473,1.3157894736842104,1.4291369959838387e-08,4.395827075917693e-06,-17.97317605301946,2.3413333026362884e-07,0.07362790281390548
206,0.9210526315789473,1.5789473684210527,8.351832977595481e-15,9.557541634418203e-12,-32.35890764421286,2.1352229363874695e-13,0.046693269671038845
207,0.9210526315789473,1.8421052631578947,3.1097117586343725e-21,1.3544684940274242e-17,-47.183559330215424,1.2077611785269211e-19,0.029433737825434233
208,0.9210526315789473,2.1052631578947367,1.2092299275655555e-27,2.0346768360936806e-23,-61.9570712355301,7.108149133355191e-26,0.018493849110449854
209,0.9210526315789473,2.3684210526315788,5.4445618357701845e-34,3.5729763498562225e-29,-76.57902270897489,4.8638535935091444e-32,0.011583827874279395
210,0.9210526315789473,2.631578947368421,2.819360167711364e-40,7.259896965955517e-35,-91.05797517644821,3.852866894015864e-38,0.0072502207170090024
211,0.9210526315789473,2.894736842105263,1.6219550589061918e-46,1.6451008530768156e-40,-105.42970701840248,3.4154275390075267e-44,0.0045313875400327785
212,0.9210526315789473,3.1578947368421053,1.002801234051736e-52,4.015932077946244e-46,-119.72814475599911,3.27649966530546e-50,0.002831003713629788
213,0.9210526315789473,3.4210526315789473,6.494747275535976e-59,1.0285038622875242e-51,-133.97935188809694,3.3123632342808394e-56,0.0017670283400574895
214,0.9210526315789473,3.6842105263157894,4.327412182352675e-65,2.712399192390889e-57,-148.20170354126378,3.4626632312645857e-62,0.0011034414685651753
215,0.9210526315789473,3.9473684210526314,2.9334971502500845e-71,7.281966544235953e-63,-162.40649877280472,3.6982305800436676e-68,0.0006887332818276478
216,0.9210526315789473,4.2105263157894735,2.0067983757615837e-77,1.9736236531185617e-68,-176.60198255246408,4.000064656772131e-74,0.00042980578963736494
217,0.9210526315789473,4.473684210526316,1.3800286919939625e-83,5.378314302683269e-74,-190.79212826757896,4.360774283208207e-80,0.0002683540826481138
218,0.9210526315789473,4.7368421052631575,9.507804900097493e-90,1.468581782410996e-79,-204.98033928829142,4.7735685719704926e-86,0.00016750846663814243
219,0.9210526315789473,5.0,6.551940840487246e-96,4.0113132274606794e-85,-219.1682790175934,5.2357208186580154e-92,0.00010445114042448165
220,0.9131578947368421,0.0,0.3331435916725966,0.33314359167259666,-0.0008539590489092808,0.3360294282079929,1.0594737444614113
221,0.9131578947368421,0.2631578947368421,0.9999995044411439,0.9999995340728017,15.190462231063696,5.569987884683505e-10,1.5065307397271288
222,0.9131578947368421,0.5263157894736842,0.9999999998692728,0.9999999999254204,23.241742860512332,4.013100292111942e-16,2.403736892452075
223,0.9131578947368421,0.7894736842105263,0.018466542497410154,0.25985793302144283,-3.755296773996321,0.07679920899350812,0.20458641547920275
224,0.9131578947368421,1.0526315789473684,0.0006002723285023666,0.04598924238806384,-7.276285631287012,0.005250199791349918,0.11603902577561914
225,0.9131578947368421,1.3157894736842104,7.47906964663051e-09,2.2688191495013043e-06,-18.6207235108357,1.2209659534905754e-07,0.07365125538735338
226,0.9131578947368421,1.5789473684210527,1.2786479226561554e-15,1.4381203102699719e-12,-34.23558546804232,3.2639810382078446e-14,0.04669043121839923
227,0.9131578947368421,1.8421052631578947,1.3767110763066712e-22,5.872559398864957e-19,-50.300977086391285,5.343130322817402e-21,0.029444543259698135
228,0.9131578947368421,2.1052631578947367,1.5792641025452275e-29,2.5930245724239416e-25,-66.29526617436669,9.282018577700493e-28,0.018493947425358835
229,0.9131578947368421,2.3684210526315788,2.1502649323765765e-36,1.3719457646587681e-31,-82.11321911826774,1.9208605668351503e-34,0.011587887190939538
230,0.9131578947368421,2.631578947368421,3.430957464346708e-43,8.55804622880719e-38,-97.76940105740547,4.69051475813377e-41,0.007249233934096704
231,0.9131578947368421,2.894736842105263,6.174367283630993e-50,6.043943195175907e-44,-113.30327322540361,1.3007804113533764e-47,0.0045316208527217345
232,0.9131578947368421,3.1578947368421053,1.205589352421638e-56,4.642325859314948e-50,-128.75431390935847,3.941008549365049e-54,0.002830238687684671
233,0.9131578947368421,3.4210526315789473,2.481274474427716e-63,3.764185554883002e-56,-144.15191366966673,1.2661587482492058e-60,0.0017675273053915311
234,0.9131578947368421,3.6842105263157894,5.2814705151043785e-70,3.159503870699603e-62,-159.51539415557707,4.2277659959046886e-67,0.0011033332292600842
235,0.9131578947368421,3.9473684210526314,1.1454926489685688e-76,2.7038282168239125e-68,-174.85978471012945,1.4448211438028654e-73,0.0006888532672913665
236,0.9131578947368421,4.2105263157894735,2.512642662468758e-83,2.3409899283132163e-74,-190.19269866183333,5.0102627492228816e-80,0.00042979338117472935
237,0.9131578947368421,4.473684210526316,5.546839637213445e-90,2.0403088440711082e-80,-205.51909987795773,1.7532954781128518e-86,0.0002681785877237757
238,0.9131578947368421,4.7368421052631575,1.2266730871301565e-96,1.7816513419279685e-86,-220.84365717841837,6.160547695914667e-93,0.0001674549558769495
239,0.9131578947368421,5.0,2.718092050438437e-103,1.5589794252879608e-92,-236.16620580370142,2.1724714611572844e-99,0.00010454698203014263
240,0.9052631578947368,0.0,0.3334031772443934,0.3334031772443934,0.00031428113938924973,0.33608002990598024,1.059869824110331
241,0.9052631578947368,0.2631578947368421,0.9999998599957173,0.9999998691043885,16.452654305684774,7.853646837873993e-11,1.5069035599505127
242,0.9052631578947368,0.5263157894736842,0.9999999998371188,0.9999999999187037,22.988098879458065,8.556205966072672e-16,2.909385949282641
243,0.9052631578947368,0.7894736842105263,0.0189656443690388,0.2637651923245298,-3.728145670556362,0.07815660655104228,0.20522959737486451
244,0.9052631578947368,1.0526315789473684,0.0006562671680819469,0.04943913408030002,-7.187044729110417,0.005657599429502145,0.11613986597475733
245,0.9052631578947368,1.3157894736842104,4.236587043262675e-09,1.2675139165603881e-06,-19.189073917380092,6.894598352992335e-08,0.07362616307582211
246,0.9052631578947368,1.5789473684210527,2.1882740274058537e-16,2.418943878741886e-13,-36.000860652491525,5.5754642638083366e-15,0.04670660606749903
247,0.9052631578947368,1.8421052631578947,7.02765261985108e-24,2.9358288754333975e-20,-53.27599190790253,2.724385000543375e-22,0.029440719360157252
248,0.9052631578947368,2.1052631578947367,2.4531450892636304e-31,3.9304331886772505e-27,-70.46002442980293,1.4413844543050797e-29,0.018494977069813984
249,0.9052631578947368,2.3684210526315788,1.041517638372153e-38,6.460845628040538e-34,-87.44330144604265,9.304886538527899e-37,0.01158360049305784
250,0.9052631578947368,2.631578947368421,5.288117056079982e-46,1.2777319395550261e-40,-104.24453346425953,7.231747724093762e-44,0.007249061301976451
251,0.9052631578947368,2.894736842105263,3.0719194323824095e-53,2.902097092180572e-47,-120.90913232895717,6.475289412180109e-51,0.004531070950568022
252,0.9052631578947368,3.1578947368421053,1.9562262656407133e-60,7.24302563865448e-54,-137.48060557520586,6.397973166718129e-58,0.0028302187080477235
253,0.9052631578947368,3.4210526315789473,1.322127313860803e-67,1.9214188132728694e-60,-153.99178433002484,6.7497859207210376e-65,0.0017669332651573811
254,0.9052631578947368,3.6842105263157894,9.269523983767938e-75,5.292491311711581e-67,-170.4657921580658,7.424616044118729e-72,0.0011023667241537613
255,0.9052631578947368,3.9473684210526314,6.648530566211688e-82,1.4922316257553027e-73,-186.91673421090817,8.389373134810226e-79,0.0006890012070412449
256,0.9052631578947368,4.2105263157894735,4.8290130766464424e-89,4.2622155824383896e-80,-203.3549021578243,9.632700932952045e-86,0.00043016473173215764
257,0.9052631578947368,4.473684210526316,3.53104569847608e-96,1.225874127732524e-86,-219.78624470781438,1.1165599975246189e-92,0.0002682901921823119
258,0.9052631578947368,4.7368421052631575,2.5920588089648237e-103,3.540093559699376e-93,-236.21360606007275,1.3021407150217528e-99,0.00016742353773582867
259,0.9052631578947368,5.0,1.9048867172675617e-110,1.0235404055881414e-99,-252.63980909598115,1.5228975167324217e-106,0.00010445369058065306
260,0.8973684210526316,0.0,0.3334530386139091,0.33345303861390907,0.0005386254183840089,0.3361286986144391,1.0602169642120387
261,0.8973684210526316,0.2631578947368421,0.999999959590119,0.9999999624309838,17.693435138179623,1.1348413254332312e-11,1.5076057870806185
262,0.8973684210526316,0.5263157894736842,0.9999999997079148,0.9999999998701966,22.379003047364897,1.6516929551286755e-15,3.1479379539257875
263,0.8973684210526316,0.7894736842105263,0.01945741131597654,0.26748585353773463,-3.7020680424716765,0.07953558505684347,0.2059261301941319
264,0.8973684210526316,1.0526315789473684,0.0007192615680152362,0.05324305343636489,-7.095324223371581,0.006112033258029355,0.11625678467305281
265,0.8973684210526316,1.3157894736842104,2.599871562829227e-09,7.671357841397596e-07,-19.67736987675827,4.2156754582110164e-08,0.07362404901258578
266,0.8973684210526316,1.5789473684210527,4.18314183491122e-17,4.5447136146963666e-14,-37.65549626390136,1.0639381710402468e-15,0.04670808087373556
267,0.8973684210526316,1.8421052631578947,4.130328184211549e-25,1.6898215822569618e-21,-56.110072874671,1.600249045409095e-23,0.029437731474178063
268,0.8973684210526316,2.1052631578947367,4.5300046971526815e-33,7.082411404280976e-29,-74.45184255060663,2.660829577789424e-31,0.018493319370712333
269,0.8973684210526316,2.3684210526315788,6.188495177738533e-41,3.732377443228735e-36,-92.56904369037905,5.529948155579533e-39,0.01158829536875745
270,0.8973684210526316,2.631578947368421,1.0324684655103657e-48,2.4165449830348076e-43,-110.48321338521642,1.4122633085951006e-46,0.007246291404124543
271,0.8973684210526316,2.894736842105263,1.9986919581557766e-56,1.8223096913710234e-50,-128.24669725076996,4.214946984999108e-54,0.004528137699305497
272,0.8973684210526316,3.1578947368421053,4.2842110448852924e-64,1.525234120108511e-57,-145.90702677495088,1.402122032129692e-61,0.0028298208198299824
273,0.8973684210526316,3.4210526315789473,9.815651095092336e-72,1.366533929934928e-64,-163.4999736734999,5.014111196270299e-69,0.0017671331549842008
274,0.8973684210526316,3.6842105263157894,2.3431767474410545e-79,1.2768693414060366e-71,-181.05135696505278,1.8778288795477227e-76,0.0011031068008007779
275,0.8973684210526316,3.9473684210526314,5.736203097366678e-87,1.2242183100586477e-78,-198.57725802848108,7.241612185157701e-84,0.0006886818878261301
276,0.8973684210526316,4.2105263157894735,1.4243265343843545e-94,1.1909535172432183e-85,-216.08877064306617,2.842494035817503e-91,0.00043001776537345053
277,0.8973684210526316,4.473684210526316,3.5655319024404137e-102,1.1683127252059415e-92,-233.59203608073634,1.1278816109965842e-98,0.00026831375481141986
278,0.8973684210526316,4.7368421052631575,8.962748812640623e-110,1.1510312683825366e-99,-251.09107721084519,4.503976151396437e-106,0.00016743282302716676
279,0.8973684210526316,5.0,2.2584051211952112e-117,1.1368346525493414e-106,-268.5876684221731,1.806012410267839e-113,0.00010446401878475557
280,0.8894736842105263,0.0,0.3334615294105712,0.3334615294105712,0.0005768269033559204,0.336131083717661,1.0601946336420178
281,0.8894736842105263,0.2631578947368421,0.9999999881117662,0.9999999890095391,18.915145855777915,1.6759169221370948e-12,1.5074719030393373
282,0.8894736842105263,0.5263157894736842,0.9999999993062987,0.999999999721415,21.494857846798872,1.0742595751622479e-15,3.2099736274559447
283,0.8894736842105263,0.7894736842105263,0.019944726980109913,0.27105836038999803,-3.6768540628426756,0.08093297690295473,0.20650864386476078
284,0.8894736842105263,1.0526315789473684,0.0007881602213686947,0.057303078898761746,-7.003778664711767,0.00660283298114462,0.11636079787046152
285,0.8894736842105263,1.3157894736842104,1.7260241633581743e-09,5.022855733462813e-07,-20.087011330420165,2.7897301516136047e-08,0.07364284947511326
286,0.8894736842105263,1.5789473684210527,8.935704118346457e-18,9.541409940773003e-15,-39.199089006220035,2.2680968225389146e-16,0.04669711981366327
287,0.8894736842105263,1.8421052631578947,2.798558635762722e-26,1.1213121875079825e-22,-58.80191032327221,1.083162249682498e-24,0.0294411619723542
288,0.8894736842105263,2.1052631578947367,9.942704455183063e-35,1.516883905186209e-30,-78.27089665133998,5.8383555418610134e-33,0.01849222278949116
289,0.8894736842105263,2.3684210526315788,4.5115193523548185e-43,2.6454593218717266e-38,-97.49027184613102,4.031999917635827e-41,0.01158526452747248
290,0.8894736842105263,2.631578947368421,2.5512073784648203e-51,5.7841992775183146e-46,-116.48635443884248,3.491456673743793e-49,0.00724933255654912
291,0.8894736842105263,2.894736842105263,1.6998906880716738e-59,1.4957930726075926e-53,-135.3163815275645,3.5867250630347904e-57,0.00453136556593263
292,0.8894736842105263,3.1578947368421053,1.2672419724248712e-67,4.3380037502150284e-61,-154.03287560510887,4.14946500226718e-65,0.0028300701452398168
293,0.8894736842105263,3.4210526315789473,1.0159600927325775e-75,1.3549725626948657e-68,-172.67587304517087,5.192673785263942e-73,0.0017670344530368836
294,0.8894736842105263,3.6842105263157894,8.524839412967834e-84,4.4337000239930337e-76,-191.27280583728103,6.835566856704282e-81,0.0011032579050665708
295,0.8894736842105263,3.9473684210526314,7.354163720775275e-92,1.4924212561142963e-83,-209.84171435816165,9.289152092535809e-89,0.0006885934508242151
296,0.8894736842105263,4.2105263157894735,6.448824367435339e-100,5.108271961272215e-91,-228.39408245000735,1.2875874705462297e-96,0.00042986131002278156
297,0.8894736842105263,4.473684210526316,5.706994528964418e-108,1.7649584096976113e-98,-246.93716734978244,1.8060349682972548e-104,0.0002681843604811933
298,0.8894736842105263,4.7368421052631575,5.076244896017398e-116,6.130056387360918e-106,-265.47509294131714,2.55179466077367e-112,0.0001674562371137391
299,0.8894736842105263,5.0,4.525207954507352e-124,2.1339960440411306e-113,-284.0107594058139,3.619872682103426e-120,0.00010446940387710731
300,0.881578947368421,0.0,0.33335017297428,0.33335017297428,7.57774272478473e-05,0.3360810589823471,1.0599848373122278
301,0.881578947368421,0.2631578947368421,0.999999996430291,0.9999999967183996,20.116399904998232,2.5329564275408287e-13,1.5076815949958635
302,0.881578947368421,0.5263157894736842,0.999999997950091,0.9999999992467202,20.39637808515279,3.9004814484046426e-16,3.1443588239341693
303,0.881578947368421,0.7894736842105263,0.02042923725960953,0.274505325651346,-3.6523747497592374,0.0823476183671511,0.2071839582645378
304,0.881578947368421,1.0526315789473684,0.0008619351706017735,0.061532591505323864,-6.91422595115492,0.007121565398662322,0.11646262893646457
305,0.881578947368421,1.3157894736842104,1.2405120455717609e-09,3.560312959645646e-07,-20.417307688785492,1.9979669050816052e-08,0.07362961600456171
306,0.881578947368421,1.5789473684210527,2.131052547465818e-18,2.2364427158959425e-15,-40.63252794483466,5.399635235404109e-17,0.046695143226063114
307,0.881578947368421,1.8421052631578947,2.1837739890046445e-27,8.569108871118903e-24,-61.352545360324704,8.445846799842718e-26,0.02944381032321114
308,0.881578947368421,2.1052631578947367,2.594832863002076e-36,3.8629805132802394e-32,-81.91679869875958,1.523137330266694e-34,0.018490721847594482
309,0.881578947368421,2.3684210526315788,4.034758875321591e-45,2.3002424452242134e-40,-102.2071294724717,3.606603764852134e-43,0.011582648566464994
310,0.881578947368421,2.631578947368421,7.984944477964707e-54,1.7536736725288913e-48,-122.25311861833778,1.0931750656541848e-51,0.007247881033586015
311,0.881578947368421,2.894736842105263,1.8903208894406447e-62,1.6053149835374967e-56,-142.11795415697415,3.990686973903475e-60,0.00453178395579165
312,0.881578947368421,3.1578947368421053,5.056494560210305e-71,1.664349912411893e-64,-161.85938537223512,1.656816076662638e-68,0.002829868129090054
313,0.881578947368421,3.4210526315789473,1.4652597257514363e-79,1.8720653723498996e-72,-181.5200149727675,7.494014095343652e-77,0.0017671588474405411
314,0.881578947368421,3.6842105263157894,4.4629456599389075e-88,2.2153399920474026e-80,-201.13032138516812,3.5805902688842607e-85,0.001102930735170115
315,0.881578947368421,3.9473684210526314,1.4016877358294314e-96,2.704787720929695e-88,-220.70964433943755,1.7714441508543932e-93,0.0006888144732237724
316,0.881578947368421,4.2105263157894735,4.482199720587868e-105,3.3635112225965466e-96,-240.27079182557645,8.95313125183436e-102,0.00042990744202775
317,0.881578947368421,4.473684210526316,1.4481714390618988e-113,4.227068027049049e-104,-259.8214836635559,4.584841869321939e-110,0.0002682442473466441
318,0.881578947368421,4.7368421052631575,4.7048731337157146e-122,5.342515956077837e-112,-279.3665764853035,2.366006942763522e-118,0.00016741088665974738
319,0.881578947368421,5.0,1.5325203220515412e-130,6.770502851259164e-120,-298.90901984721216,1.2262844548642901e-126,0.00010448459396049534
320,0.8736842105263157,0.0,0.3332778910721079,0.3332778910721079,-0.0002495005514646653,0.3360847429483858,1.0598700416797169
321,0.8736842105263157,0.2631578947368421,0.9999999989047559,0.9999999989988103,21.296099023815504,3.9191786936225886e-14,1.507386920429246
322,0.8736842105263157,0.5263157894736842,0.9999999928341631,0.9999999975648904,19.13291330203825,1.4455199804426752e-16,2.967466576365929
323,0.8736842105263157,0.7894736842105263,0.020912849607999884,0.2778525837697204,-3.628499758457549,0.08377883867879983,0.20781402824374828
324,0.8736842105263157,1.0526315789473684,0.0009398364737910069,0.06586983840183244,-6.827622039993878,0.007661783919789141,0.11656667761967784
325,0.8736842105263157,1.3157894736842104,9.646078502449968e-10,2.730368527743936e-07,-20.668865556483723,1.547920526555654e-08,0.07363274456251127
326,0.8736842105263157,1.5789473684210527,5.67724514758955e-19,5.855730922324961e-16,-41.955262943385264,1.435783916654761e-17,0.04670659408572755
327,0.8736842105263157,1.8421052631578947,1.963836057223551e-28,7.546907752157297e-25,-63.76128528842912,7.587808146163796e-27,0.029445610071348636
328,0.8736842105263157,2.1052631578947367,8.045855157473558e-38,1.1688281234570816e-33,-85.39033392041017,4.7223572815215305e-36,0.01848936749287248
329,0.8736842105263157,2.3684210526315788,4.426868788759343e-47,2.4537507271424747e-42,-106.71955368566243,3.957663795681238e-45,0.011587855719719571
330,0.8736842105263157,2.631578947368421,3.164534439334793e-56,6.73234098865149e-51,-127.78384068447716,4.3347806203590466e-54,0.007250224090106882
331,0.8736842105263157,2.894736842105263,2.747441564804178e-65,2.2517874420813765e-59,-148.65178589481687,5.80411520254524e-63,0.004529939773476757
332,0.8736842105263157,3.1578947368421053,2.724963931983122e-74,8.624234765310598e-68,-169.3853589277173,8.933998962945654e-72,0.0028313727203480568
333,0.8736842105263157,3.4210526315789473,2.9452405902749168e-83,3.604787928183377e-76,-190.0321973504442,1.507417798646494e-80,0.0017681800622402258
334,0.8736842105263157,3.6842105263157894,3.362218315631027e-92,1.5928812030879291e-84,-210.6238697979212,2.6994298747226122e-89,0.001102764434616738
335,0.8736842105263157,3.9473684210526314,3.96972529633317e-101,7.283936453800933e-93,-231.1815499431322,5.0200744570651217e-98,0.0006886398901054572
336,0.8736842105263157,4.2105263157894735,4.7824653275339985e-110,3.399865388455113e-101,-251.71887505308408,9.557873821584284e-107,0.0004297018978525928
337,0.8736842105263157,4.473684210526316,5.823580624429046e-119,1.6043591325529974e-109,-272.24538060548394,1.8445845504015594e-115,0.00026821739594562515
338,0.8736842105263157,4.7368421052631575,7.137936301329838e-128,7.6216076094515985e-118,-292.7652621506543,3.5909530099795994e-124,0.00016746700082187577
339,0.8736842105263157,5.0,8.775682489192089e-137,3.6320782782960644e-126,-313.28204460475604,7.024769545798793e-133,0.00010445088776976397
340,0.8657894736842104,0.0,0.33307532145221985,0.3330753214522198,-0.0011612783131917936,0.3360600231876443,1.0596125017321332
341,0.8657894736842104,0.2631578947368421,0.9999999996575674,0.999999999688734,22.456952617560084,6.210483765005304e-15,1.507420165519666
342,0.8657894736842104,0.5263157894736842,0.9999999714457716,0.9999999909456061,17.740756180624174,6.506020455240436e-17,2.610445205789975
343,0.8657894736842104,0.7894736842105263,0.0213966340699784,0.2811150666211459,-3.6051495727006015,0.08522593822223766,0.20847915040398898
344,0.8657894736842104,1.0526315789473684,0.0010213589219129889,0.07027348936165824,-6.744357069379774,0.008219028740069443,0.11671758106315946
345,0.8657894736842104,1.3157894736842104,8.114228201299852e-10,2.2651707432712957e-07,-20.84179792782909,1.297033995569274e-08,0.07362624087578071
346,0.8657894736842104,1.5789473684210527,1.6889304996893563e-19,1.7121234961241444e-16,-43.167633561049655,4.2633580505785885e-18,0.04669887136865229
347,0.8657894736842104,1.8421052631578947,2.0342604670321662e-29,7.656075563592826e-26,-66.02863776797007,7.852486590349414e-28,0.0294481861319595
348,0.8657894736842104,2.1052631578947367,2.965870489268435e-39,4.204321708597834e-35,-88.69090550731713,1.7403905057442164e-37,0.01849159499370736
349,0.8657894736842104,2.3684210526315788,5.957372973693368e-49,3.210453222492668e-44,-111.02778677841869,5.327461213515803e-47,0.011584767726110527
350,0.8657894736842104,2.631578947368421,1.5882627150802733e-58,3.27309051654358e-53,-133.0783760318153,2.1765126858773446e-56,0.007248041774801804
351,0.8657894736842104,2.894736842105263,5.22285132429218e-68,4.131243511718698e-62,-154.91716782889918,1.1038884370791844e-65,0.004531447345740959
352,0.8657894736842104,3.1578947368421053,1.981086386543387e-77,6.02875929271718e-71,-176.61192402444854,6.500252946988106e-75,0.002830289234952988
353,0.8657894736842104,3.4210526315789473,8.254611940115974e-87,9.678502121608653e-80,-198.21195616348197,4.227620037578036e-84,0.0017677410857699415
354,0.8657894736842104,3.6842105263157894,3.647638392881398e-96,1.6493314678871032e-88,-219.75273119647267,2.9304034739176824e-93,0.0011029624589878047
355,0.8657894736842104,3.9473684210526314,1.6711195753741112e-105,2.91566081953007e-97,-241.25709340631147,2.1145851782093972e-102,0.000688758631002588
356,0.8657894736842104,4.2105263157894735,7.827132395839654e-115,5.271337067650457e-106,-262.7391604805457,1.5651855348347663e-111,0.0004298018009556434
357,0.8657894736842104,4.473684210526316,3.7114293108200413e-124,9.650391469121967e-115,-284.20880430918044,1.1761396556240794e-120,0.0002681458591884846
358,0.8657894736842104,4.7368421052631575,1.772328639157373e-133,1.7794843802061138e-123,-305.6713170195053,8.920349600011094e-130,0.00016747873911547123
359,0.8657894736842104,5.0,8.495384798218615e-143,3.293949738236634e-132,-327.13001665447183,6.803011592616004e-139,0.00010450464924717933
360,0.8578947368421053,0.0,0.3332384862111969,0.3332384862111969,-0.00042684241967561043,0.33607164218515484,1.0598210599438025
361,0.8578947368421053,0.2631578947368421,0.9999999998907646,0.9999999999012653,23.59771972829744,1.0077221374005206e-15,1.5072835015619022
362,0.8578947368421053,0.5263157894736842,0.999999874204106,0.9999999624909077,16.249941085495045,3.975729029950423e-17,2.1430181443747944
363,0.8578947368421053,0.7894736842105263,0.02188134141121818,0.28430354683255377,-3.5822659267457793,0.08668892673190706,0.20912914428442703
364,0.8578947368421053,1.0526315789473684,0.0011060094594277754,0.07470543041986817,-6.664648012300106,0.008790843573227323,0.11683665933170258
365,0.8578947368421053,1.3157894736842104,7.376122104212265e-10,2.0307901500138036e-07,-20.93716897631325,1.1748477842773561e-08,0.07362931679245607
366,0.8578947368421053,1.5789473684210527,5.60987319880268e-20,5.589284267249123e-17,-44.26978602565997,1.4134942578858472e-18,0.04670008832382912
367,0.8578947368421053,1.8421052631578947,2.4276466978689438e-30,8.947896971131762e-27,-68.15443285592328,9.361971205945441e-29,0.029438936518998364
368,0.8578947368421053,2.1052631578947367,1.2990818933037526e-40,1.7969897580498533e-36,-91.81900339891318,7.62257462204244e-39,0.018492733364413132
369,0.8578947368421053,2.3684210526315788,9.835518653333684e-51,5.153313768914089e-46,-115.13158638616854,8.797833577569824e-49,0.011587046265902805
370,0.8578947368421053,2.631578947368421,1.0089027318280892e-60,2.0140227396719886e-55,-138.1373236684952,1.383638466314121e-58,0.007248581820493921
371,0.8578947368421053,2.894736842105263,1.2968767495110854e-70,9.90024720174415e-65,-160.91542262490282,2.743366958682895e-68,0.004532295669450158
372,0.8578947368421053,3.1578947368421053,1.9447440815715996e-80,5.690516775603906e-74,-183.5381942869245,6.385415448774814e-78,0.0028296597718596686
373,0.8578947368421053,3.4210526315789473,3.2233083436048812e-90,3.620477776632529e-83,-206.06007524165247,1.652156274747869e-87,0.0017661945939967702
374,0.8578947368421053,3.6842105263157894,5.693907751594685e-100,2.4572270227512106e-92,-228.5177547232492,4.5776571656601783e-97,0.0011033902038877965
375,0.8578947368421053,3.9473684210526314,1.0458792122878295e-109,1.73514105720702e-101,-250.93606970136065,1.3243166576482073e-106,0.0006882420465232054
376,0.8578947368421053,4.2105263157894735,1.9667935294183152e-119,1.2548305791518436e-110,-273.3306924958273,3.9353089969181206e-116,0.0004299214018327097
377,0.8578947368421053,4.473684210526316,3.751788066868046e-129,9.207341993574922e-120,-295.71091429138573,1.18951182856364e-125,0.00026827549688780234
378,0.8578947368421053,4.7368421052631575,7.207392354871155e-139,6.804623439130082e-129,-318.0840146594708,3.629096581099909e-135,0.00016740269328791404
379,0.8578947368421053,5.0,1.3898820737731005e-148,5.048606029254511e-138,-340.4532462660327,1.1134662946823864e-144,0.00010447060150142851
380,0.85,0.0,0.3332007864888041,0.333200786488804,-0.0005965201182132063,0.33605560176270804,1.0597301720275376
381,0.85,0.2631578947368421,0.9999999999644917,0.9999999999680858,24.719661157841124,1.6763056741750694e-16,1.5078062075696537
382,0.85,0.5263157894736842,0.9999994023158879,0.9999998313047959,14.684911195597206,3.6144241011087596e-17,1.8035262379180823
383,0.85,0.7894736842105263,0.02236791918570011,0.28743101489481493,-3.5597861422666597,0.0881676437582455,0.2097972367566187
384,0.85,1.0526315789473684,0.001193652167397924,0.07915282405982328,-6.588301304752573,0.009375466998668064,0.11698410459501991
385,0.85,1.3157894736842104,7.248119111096346e-10,1.9680923789084473e-07,-20.95467501444872,1.1499616758514648e-08,0.07363867619694545
386,0.85,1.5789473684210527,2.0811942187237584e-20,2.0379597782956453e-17,-45.26137226965713,5.232670459223374e-19,0.04669141533403522
387,0.85,1.8421052631578947,3.3372615527653567e-31,1.2046519199038556e-27,-70.13878972363088,1.2856636048668014e-29,0.029444626448761935
388,0.85,2.1052631578947367,6.765495210878912e-42,9.132169800821375e-38,-94.7739959030991,3.968715963236995e-40,0.018490048505728315
389,0.85,2.3684210526315788,1.9917720352629116e-52,1.0146276992049953e-47,-119.03114695259715,1.7820281648395956e-50,0.011582360358247246
390,0.85,2.631578947368421,8.118797304952998e-63,1.569951251677212e-57,-142.95976025558528,1.1139599505840428e-60,0.007249536837012288
391,0.85,2.894736842105263,4.2113963694036164e-73,3.102756226486791e-67,-166.64534250544742,8.915619837145512e-71,0.004531204067173145
392,0.85,3.1578947368421053,2.5756884022380705e-83,7.246816937924215e-77,-190.16496311766028,8.464835553438048e-81,0.0028308873733499953
393,0.85,3.4210526315789473,1.754455318449523e-93,1.887812647541237e-86,-213.5760803397536,9.000174833269617e-91,0.0017671220037392182
394,0.85,3.6842105263157894,1.279028028034402e-103,5.268095103884485e-96,-236.91880635359271,1.0290810242033211e-100,0.0011030452718934847
395,0.85,3.9473684210526314,9.724772944189817e-114,1.5341100184099388e-105,-260.21917650789067,1.2322543549856167e-110,0.0006887237483374478
396,0.85,4.2105263157894735,7.586990768283815e-124,4.58568367759541e-115,-283.4935874878701,1.5190154795662816e-120,0.0004294787108341938
397,0.85,4.473684210526316,6.005736288561434e-134,1.3910875851051248e-124,-306.7533572399295,1.905230524595111e-130,0.0002681896282676257
398,0.85,4.7368421052631575,4.797224305614848e-144,4.2588462776137877e-134,-330.0040098587172,2.416577661475977e-140,0.00016743812188274728
399,0.85,5.0,3.8463867065050134e-154,1.3088988557146938e-143,-353.2508415387031,3.08258299360408e-150,0.00010444800492430103
